<?xml version="1.0" encoding="utf-8" ?>
<dwsync>
<file name="Ilisarniq-Black.eot" server="ftp.myideas.com.pt" local="133135958929675193" remote="133136902200000000" Dst="1" />
<file name="Ilisarniq-Black.ttf" server="ftp.myideas.com.pt" local="133135958929685215" remote="133136902200000000" Dst="1" />
<file name="Ilisarniq-Black.woff" server="ftp.myideas.com.pt" local="133135958929700176" remote="133136902200000000" Dst="1" />
<file name="Ilisarniq-Black.woff2" server="ftp.myideas.com.pt" local="133135958929700176" remote="133136902200000000" Dst="1" />
<file name="Ilisarniq-BlackItalic.eot" server="ftp.myideas.com.pt" local="133135958929710188" remote="133136902200000000" Dst="1" />
<file name="Ilisarniq-BlackItalic.woff" server="ftp.myideas.com.pt" local="133135958929735191" remote="133136902200000000" Dst="1" />
<file name="Ilisarniq-BlackItalic.ttf" server="ftp.myideas.com.pt" local="133135958929725204" remote="133136902200000000" Dst="1" />
<file name="Ilisarniq-BlackItalic.woff2" server="ftp.myideas.com.pt" local="133135958929740703" remote="133136902200000000" Dst="1" />
<file name="Ilisarniq-Bold.eot" server="ftp.myideas.com.pt" local="133135958929760176" remote="133136902200000000" Dst="1" />
<file name="Ilisarniq-Bold.ttf" server="ftp.myideas.com.pt" local="133135958929775373" remote="133136902200000000" Dst="1" />
<file name="Ilisarniq-Bold.woff" server="ftp.myideas.com.pt" local="133135958929785188" remote="133136902200000000" Dst="1" />
<file name="Ilisarniq-Bold.woff2" server="ftp.myideas.com.pt" local="133135958929790174" remote="133136902200000000" Dst="1" />
<file name="Ilisarniq-BoldItalic.eot" server="ftp.myideas.com.pt" local="133135958929800212" remote="133136902200000000" Dst="1" />
<file name="Ilisarniq-BoldItalic.ttf" server="ftp.myideas.com.pt" local="133135958929815196" remote="133136902200000000" Dst="1" />
<file name="Ilisarniq-BoldItalic.woff" server="ftp.myideas.com.pt" local="133135958929830198" remote="133136902200000000" Dst="1" />
<file name="Ilisarniq-BoldItalic.woff2" server="ftp.myideas.com.pt" local="133135958929845182" remote="133136902200000000" Dst="1" />
<file name="Ilisarniq-Demi.eot" server="ftp.myideas.com.pt" local="133135958929890183" remote="133136902200000000" Dst="1" />
<file name="Ilisarniq-Demi.ttf" server="ftp.myideas.com.pt" local="133135958929905181" remote="133136902200000000" Dst="1" />
<file name="Ilisarniq-Demi.woff" server="ftp.myideas.com.pt" local="133135958929920182" remote="133136902200000000" Dst="1" />
<file name="Ilisarniq-Demi.woff2" server="ftp.myideas.com.pt" local="133135958929930178" remote="133136902200000000" Dst="1" />
<file name="Ilisarniq-DemiItalic.eot" server="ftp.myideas.com.pt" local="133135958929940180" remote="133136902200000000" Dst="1" />
<file name="Ilisarniq-DemiItalic.ttf" server="ftp.myideas.com.pt" local="133135958929960184" remote="133136902800000000" Dst="1" />
<file name="Ilisarniq-DemiItalic.woff" server="ftp.myideas.com.pt" local="133135958929965181" remote="133136902800000000" Dst="1" />
<file name="Ilisarniq-DemiItalic.woff2" server="ftp.myideas.com.pt" local="133135958929970183" remote="133136902800000000" Dst="1" />
<file name="Ilisarniq-Italic.eot" server="ftp.myideas.com.pt" local="133135958929985184" remote="133136902800000000" Dst="1" />
<file name="Ilisarniq-Italic.ttf" server="ftp.myideas.com.pt" local="133135958930005176" remote="133136902800000000" Dst="1" />
<file name="Ilisarniq-Italic.woff" server="ftp.myideas.com.pt" local="133135958930010189" remote="133136902800000000" Dst="1" />
<file name="Ilisarniq-Italic.woff2" server="ftp.myideas.com.pt" local="133135958930015177" remote="133136902800000000" Dst="1" />
<file name="Ilisarniq-Light.eot" server="ftp.myideas.com.pt" local="133135958930020187" remote="133136902800000000" Dst="1" />
<file name="Ilisarniq-Light.ttf" server="ftp.myideas.com.pt" local="133135958930030182" remote="133136902800000000" Dst="1" />
<file name="Ilisarniq-Light.woff" server="ftp.myideas.com.pt" local="133135958930035179" remote="133136902800000000" Dst="1" />
<file name="Ilisarniq-Light.woff2" server="ftp.myideas.com.pt" local="133135958930035179" remote="133136902800000000" Dst="1" />
<file name="Ilisarniq-LightItalic.eot" server="ftp.myideas.com.pt" local="133135958930045339" remote="133136902800000000" Dst="1" />
<file name="Ilisarniq-LightItalic.ttf" server="ftp.myideas.com.pt" local="133135958930065891" remote="133136902800000000" Dst="1" />
<file name="Ilisarniq-LightItalic.woff" server="ftp.myideas.com.pt" local="133135958930075993" remote="133136902800000000" Dst="1" />
<file name="Ilisarniq-LightItalic.woff2" server="ftp.myideas.com.pt" local="133135958930080898" remote="133136902800000000" Dst="1" />
<file name="Ilisarniq-Regular.eot" server="ftp.myideas.com.pt" local="133135958930086010" remote="133136902800000000" Dst="1" />
<file name="Ilisarniq-Regular.ttf" server="ftp.myideas.com.pt" local="133135958930095901" remote="133136902800000000" Dst="1" />
<file name="Ilisarniq-Regular.woff" server="ftp.myideas.com.pt" local="133135958930100899" remote="133136902800000000" Dst="1" />
<file name="Ilisarniq-Regular.woff2" server="ftp.myideas.com.pt" local="133135958930105899" remote="133136902800000000" Dst="1" />
<file name="style.css" server="ftp.myideas.com.pt" local="133135958930110901" remote="133136902800000000" Dst="1" />
<file name="web-license.txt" server="ftp.myideas.com.pt" local="133135958930115898" remote="133136902800000000" Dst="1" />
</dwsync>